id,archetype,opponent_archetype,deck_sig_scope,source_type,source_url,source_date,source_claim,sim_trigger,desired_bias,intervention,validation_status,notes
marnie_vs_ogerpon_setup,Marnie Grimmsnarl,Teal Mask Ogerpon,b8f251a476e7,matchup_stats,https://play.limitlesstcg.com/decks/marnie-grimmsnarl-ex/matchups?format=standard&rotation=2026&set=POR,2026-08-06,Marnie is unfavored into Ogerpon-style decks in public matchup stats.,Opponent archetype is Teal Mask Ogerpon and early turns have Marnie evolution options available,Prefer Impidimp->Morgrem->Grimmsnarl setup over low-impact utility delays,rerank_guard,needs_trace_validation,Limitless reported Marnie POR 2026 at 4-11 vs Ogerpon Meganium Arboliva and 5-9 vs Raging Bolt Ogerpon.
marnie_core_engine,Marnie Grimmsnarl,ALL,all,deck_guide,https://www.tcgplayer.com/content/article/Marnie-s-Grimmsnarl-ex-Deck-Guide-Pok%C3%A9mon-TCG-July-2025/8c493445-7f49-4281-9c98-37f0938c239f/,2026-08-06,Marnie uses Froslass damage plus Munkidori Adrena-Brain and Grimmsnarl Punk Up/Shadow Bullet as a spread engine.,Marnie line and Munkidori/Froslass options are available,Prioritize engine setup and damage conversion when opponent board has ability targets,matchup_bc,needs_trace_validation,Use as broad game-plan prior; avoid direct rule without matchup-specific trace.
marnie_froslass_caution,Marnie Grimmsnarl,Dragapult;Gardevoir;Munkidori decks,all,deck_guide,https://www.tcgplayer.com/content/article/Marnie-s-Grimmsnarl-ex-Deck-Guide-Pok%C3%A9mon-TCG-July-2025/8c493445-7f49-4281-9c98-37f0938c239f/,2026-08-06,Froslass is not always correct when opponent can exploit the counters with Munkidori or similar effects.,Froslass/Snorunt option available and opponent has Munkidori-style counter engine,Downweight Froslass setup unless the matchup trace shows positive outcomes,rerank_guard,needs_trace_validation,This should become a conditional feature/rule not a global ban.
crustle_wall_plan,Crustle Wall,ex-heavy decks,all,card_text,https://asia.pokemon-card.com/ph/card-search/detail/19561/,2026-08-06,Crustle prevents attack damage from opponent Pokemon ex and has a 120 attack unaffected by effects on opponent active.,Dwebble/Crustle evolve or active switch options are available against ex attacker,Set up and keep Crustle active; attach enough energy to threaten Superb Scissors,rerank_guard,needs_trace_validation,Primary Crustle rule seed for Ogerpon/Dragapult/Marnie ex-heavy fields.
crustle_resource_pressure,Crustle Wall,ex-heavy decks,all,deck_article,https://www.tcgplayer.com/content/article/The-Best-Pok%C3%A9mon-TCG-Decks-Right-Now-March-2024/df18897b-3902-41b9-9eff-3b7fefd93820,2026-08-06,Crustle wins through walling plus healing/HP buffs/resource pressure and aggressive Superb Scissors KOs.,Crustle is established and support/disruption/heal/attack options are available,Prefer maintaining wall and taking opportunistic KOs over unnecessary retreat/switch,teacher_rollout,needs_trace_validation,Use to design teacher policy; exact trainer names may differ in Kaggle deck signatures.
ogerpon_vs_crustle_dwebble_punish,Teal Mask Ogerpon,Crustle Wall,5899c772bace;697a82e582d5;2a5072194fdf,card_text,https://asia.pokemon-card.com/ph/card-search/detail/19561/,2026-08-06,Once Crustle is established ex attackers cannot damage it; the practical plan is to punish Dwebble before the wall stabilizes.,Opponent has Dwebble active/bench before evolution and attack/Boss-like target options are available,Prefer KO or target pressure on Dwebble over Teal Dance loops when a prize/tempo window exists,teacher_rollout,needs_generated_success,Real same-sig Ogerpon wins vs Crustle are sparse; use generated wins or transferable 2a507 evidence cautiously.
ogerpon_vs_crustle_no_futile_attack,Teal Mask Ogerpon,Crustle Wall,5899c772bace;697a82e582d5,card_text,https://www.dittobase.com/tcg/cards/destined-rivals/12-crustle,2026-08-06,Ex attacks into established Crustle are structurally blanked by Mysterious Rock Inn.,Opponent active is Crustle and chosen option is an ex attack that cannot do useful damage,Downweight futile attack; prefer draw/tank/setup if no targetable Dwebble or win path exists,rerank_guard,needs_trace_validation,Must verify simulator result logs before forcing; avoid creating deckout loops.
cynthia_vs_crustle_spiritomb,Cynthia Garchomp,Crustle Wall,52f467394857,local_success_mining,data/EN_Card_Data.csv,2026-08-06,Cynthia success rows prefer Cynthia's Spiritomb active/switch choices; Spiritomb is a non-ex scalable attacker.,Spiritomb is available in SWITCH/TO_ACTIVE against Crustle,Prefer Spiritomb active when Garchomp ex attack is blocked or low-value,rerank_guard,needs_focused_eval,Derived from logs/rule_success_20260806/cynthia_52f_vs_crustle.
dragapult_setup_vs_marnie_crustle,Dragapult,Marnie Grimmsnarl;Crustle Wall,cc2e995b5ad0,local_success_mining,logs/rule_success_20260806,2026-08-06,"Winning rows choose Dragapult ex active more often, use Drakloak attach-from, and set up Dreepy earlier.",Dragapult line setup/switch/attach-from options are available,Prioritize Dragapult line coherence over generic utility in weak matchups,matchup_bc,needs_trace_validation,Success-only FT hurt random; mix with broad data before retrying.
